{
  "country_source": "tanzania",
  "created_at": "2026-01-14T09:43:25.886908",
  "git_commit": "a6ef9f8",
  "waves": [
    1,
    2,
    3,
    4
  ],
  "n_households": 500,
  "n_observations": 2000,
  "assets_distribution": {
    "family": "normal",
    "params": {
      "mean": 36727.377125,
      "std": 57935.381061291475
    },
    "standardization": "none",
    "raw_stats": {
      "mean": 36727.377125,
      "std": 57935.381061291475,
      "min": 1584.78,
      "max": 910161.55,
      "median": 20884.629999999997,
      "n": 2000.0
    },
    "goodness_of_fit": {
      "statistic": 0.2720639577583061,
      "p_value": 2.8080201099839113e-131,
      "n_samples": 2000,
      "passed": false
    }
  },
  "shock_distribution": {
    "family": "normal",
    "params": {
      "mean": 0.0561689073941521,
      "std": 0.13183619198102087
    },
    "standardization": "none",
    "raw_stats": {
      "mean": 0.0561689073941521,
      "std": 0.13183619198102087,
      "min": -0.1564927857935627,
      "max": 0.45454545454545453,
      "n": 2000.0
    },
    "goodness_of_fit": {
      "statistic": 0.2234645639136007,
      "p_value": 3.2180246538707045e-88,
      "n_samples": 2000,
      "passed": false
    }
  },
  "shock_distribution_by_wave": null,
  "credit_model": {
    "type": "logistic",
    "coefficients": {
      "asset_index": 3.5572523892703765e-07
    },
    "intercept": -0.5026598721531943,
    "feature_names": [
      "asset_index"
    ],
    "model_metrics": {
      "accuracy": 0.62,
      "n_observations": 2000.0,
      "n_credit_positive": 760.0,
      "credit_rate": 0.38,
      "auc": 0.5051146010186757
    }
  },
  "enterprise_baseline": {
    "prevalence": 0.2565,
    "prevalence_by_wave": {
      "1": 0.196,
      "2": 0.26,
      "3": 0.286,
      "4": 0.284
    },
    "entry_rate": 0.07971656333038087,
    "exit_rate": 0.12398921832884097
  },
  "transition_rates": {
    "enter_rate": 0.07971656333038087,
    "exit_rate": 0.12398921832884097,
    "stay_rate": 0.9093333333333333,
    "enter_count": 90,
    "exit_count": 46,
    "stay_count": 1364
  },
  "household_intercept_distribution": null,
  "copula": {
    "copula_type": "gaussian",
    "correlation_matrix": [
      [
        0.9999999999999999,
        -0.012208342382181233,
        0.012175947268285494
      ],
      [
        -0.012208342382181233,
        1.0,
        -0.05916065164712961
      ],
      [
        0.012175947268285492,
        -0.0591606516471296,
        0.9999999999999998
      ]
    ],
    "theta": null,
    "df": null,
    "variable_names": [
      "asset_index",
      "price_exposure",
      "credit_access"
    ]
  },
  "additional_metadata": {
    "config": {
      "asset_family": "normal",
      "shock_by_wave": false
    },
    "enterprise_col": "enterprise_indicator",
    "assets_col": "asset_index"
  }
}